<?xml version = '1.0' encoding = 'UTF-8'?>
<relationalModel class="oracle.dbtools.crest.model.design.relational.RelationalDesign" name="Relational_1" id="D5880596-ADAC-7BFE-E9DB-1505C637517F" mainViewID="44613CF3-01E3-5C92-E3A8-9B3728CC50E1">
<createdBy>chris</createdBy>
<createdTime>2023-05-15 13:10:50 UTC</createdTime>
<ownerDesignName>ModeleTp</ownerDesignName>
<shouldBeOpen>false</shouldBeOpen>
<selectedRDBMSSite>32076570-2523-435C-2E92-BF29817DFF70</selectedRDBMSSite>
</relationalModel>
