<?xml version = '1.0' encoding = 'UTF-8'?>
<Table class="oracle.dbtools.crest.model.design.relational.Table" directorySegmentName="seg_0" id="086591CA-41F5-9D22-587E-5B84B6AE31EE" name="autre_marchandise">
<createdBy>chris</createdBy>
<createdTime>2023-05-15 13:11:29 UTC</createdTime>
<generatorID>1E4D8E9D-F55A-51D1-ED1A-B1BEBE42DFCA</generatorID>
<ownerDesignName>ModeleTp</ownerDesignName>
<allowColumnReorder>false</allowColumnReorder>
<existDependencyGenerateInDDl>true</existDependencyGenerateInDDl>
<parsed>true</parsed>
<columns itemClass="oracle.dbtools.crest.model.design.relational.Column">
<Column name="type_marchandise" id="8D601E3E-2F36-6498-B38B-F6189158A6D1">
<createdBy>chris</createdBy>
<createdTime>2023-05-15 13:11:29 UTC</createdTime>
<generatorID>95F656A9-7B31-1722-68E7-A5BE6209026E</generatorID>
<ownerDesignName>ModeleTp</ownerDesignName>
<nullsAllowed>true</nullsAllowed>
<useDomainConstraints>false</useDomainConstraints>
<use>1</use>
<logicalDatatype>LOGDT024</logicalDatatype>
<ownDataTypeParameters>,,</ownDataTypeParameters>
<autoIncrementCycle>false</autoIncrementCycle>
</Column>
<Column name="date_peremption" id="89229268-6111-C31A-28AF-5B224D1AE2DD">
<createdBy>chris</createdBy>
<createdTime>2023-05-15 13:11:29 UTC</createdTime>
<generatorID>99D13F36-0A0D-3292-5A65-D0B73185EA10</generatorID>
<ownerDesignName>ModeleTp</ownerDesignName>
<nullsAllowed>true</nullsAllowed>
<useDomainConstraints>false</useDomainConstraints>
<use>1</use>
<logicalDatatype>LOGDT007</logicalDatatype>
<ownDataTypeParameters>,,</ownDataTypeParameters>
<autoIncrementCycle>false</autoIncrementCycle>
</Column>
<Column name="nom_produit" id="BFF9626A-27AF-8051-5069-625E9A5D9CEA">
<createdBy>chris</createdBy>
<createdTime>2023-05-15 13:11:29 UTC</createdTime>
<generatorID>435ACFDB-C9D5-F677-354A-F7A56D5891F9</generatorID>
<ownerDesignName>ModeleTp</ownerDesignName>
<useDomainConstraints>false</useDomainConstraints>
<use>1</use>
<logicalDatatype>LOGDT024</logicalDatatype>
<ownDataTypeParameters>,,</ownDataTypeParameters>
<autoIncrementCycle>false</autoIncrementCycle>
</Column>
<Column name="prix" id="3F2C3E2C-5297-BD6C-BD6A-B455D09ABD72">
<createdBy>chris</createdBy>
<createdTime>2023-05-15 13:11:29 UTC</createdTime>
<generatorID>D93114A6-B0F0-76C0-7A40-B668A8D77C5A</generatorID>
<ownerDesignName>ModeleTp</ownerDesignName>
<useDomainConstraints>false</useDomainConstraints>
<use>1</use>
<logicalDatatype>LOGDT026</logicalDatatype>
<ownDataTypeParameters>,,</ownDataTypeParameters>
<autoIncrementCycle>false</autoIncrementCycle>
</Column>
<Column name="Magasin_nom_magasin" id="F4904310-B0DC-7682-708D-89F725341F21">
<createdBy>chris</createdBy>
<createdTime>2023-05-15 13:11:29 UTC</createdTime>
<generatorID>5CF3EA94-5356-8A63-4E4E-735BE8426335</generatorID>
<ownerDesignName>ModeleTp</ownerDesignName>
<useDomainConstraints>false</useDomainConstraints>
<use>1</use>
<logicalDatatype>A3A3C77D-0366-9768-FF89-1C25E56881C8</logicalDatatype>
<ownDataTypeParameters>,,</ownDataTypeParameters>
<previousColumn>false</previousColumn>
<autoIncrementCycle>false</autoIncrementCycle>
<associations>
<colAssociation fkAssociation="41D294B4-07A7-999A-430E-D63586739B35" referredColumn="5442EF67-E753-0AF2-1710-1E4A080810D7"/>
</associations>
</Column>
</columns>
<indexes itemClass="oracle.dbtools.crest.model.design.relational.Index">
<ind_PK_UK id="E8CC2CDE-A23E-52F2-D580-23808D5ABF2B" name="autre_marchandise_PK">
<createdBy>chris</createdBy>
<createdTime>2023-05-15 13:11:29 UTC</createdTime>
<generatorID>CBEF28C0-07CB-DC18-4CED-DCC96AB33382</generatorID>
<ownerDesignName>ModeleTp</ownerDesignName>
<pk>true</pk>
<indexState>Primary Constraint</indexState>
<isSurrogateKey>false</isSurrogateKey>
</ind_PK_UK>
<ind_PK_UK id="4AB35183-858F-F450-2694-4A38A425B8C4" name="autre_marchandise_Magasin_FK">
<createdBy>chris</createdBy>
<createdTime>2023-05-15 13:11:29 UTC</createdTime>
<generatorID>ACE61012-042D-3575-B681-3E24EF509F4D</generatorID>
<ownerDesignName>ModeleTp</ownerDesignName>
<indexState>Foreign Key</indexState>
<isSurrogateKey>false</isSurrogateKey>
<indexColumnUsage>
<colUsage columnID="F4904310-B0DC-7682-708D-89F725341F21"/>
</indexColumnUsage>
</ind_PK_UK>
</indexes>
</Table>
