<?xml version = '1.0' encoding = 'UTF-8'?>
<Table class="oracle.dbtools.crest.model.design.relational.Table" directorySegmentName="seg_0" id="CD55D5D2-4272-2F0C-3585-C55370196DF6" name="Console">
<createdBy>chris</createdBy>
<createdTime>2023-05-15 13:11:29 UTC</createdTime>
<generatorID>CDA2C283-DFB1-9E31-4A12-6C6674F1E348</generatorID>
<ownerDesignName>ModeleTp</ownerDesignName>
<allowColumnReorder>false</allowColumnReorder>
<existDependencyGenerateInDDl>true</existDependencyGenerateInDDl>
<parsed>true</parsed>
<columns itemClass="oracle.dbtools.crest.model.design.relational.Column">
<Column name="nom_console" id="E0789EA1-A647-D4E7-6C55-B920C84D86F4">
<createdBy>chris</createdBy>
<createdTime>2023-05-15 13:11:29 UTC</createdTime>
<generatorID>13C1C408-AEF8-26EF-67A2-2EBB6AD63A1B</generatorID>
<ownerDesignName>ModeleTp</ownerDesignName>
<useDomainConstraints>false</useDomainConstraints>
<use>1</use>
<logicalDatatype>LOGDT024</logicalDatatype>
<ownDataTypeParameters>,,</ownDataTypeParameters>
<autoIncrementCycle>false</autoIncrementCycle>
</Column>
<Column name="date_lancement" id="87D6CACE-1ABB-3743-31A4-B2644C2939A7">
<createdBy>chris</createdBy>
<createdTime>2023-05-15 13:11:29 UTC</createdTime>
<generatorID>D16E6492-3461-8AC1-5036-21AC426D5A6C</generatorID>
<ownerDesignName>ModeleTp</ownerDesignName>
<useDomainConstraints>false</useDomainConstraints>
<use>1</use>
<logicalDatatype>LOGDT007</logicalDatatype>
<ownDataTypeParameters>,,</ownDataTypeParameters>
<autoIncrementCycle>false</autoIncrementCycle>
</Column>
<Column name="fps_max" id="FCC1EC04-2D1B-C2FE-332E-D22D14D1D521">
<createdBy>chris</createdBy>
<createdTime>2023-05-15 13:11:29 UTC</createdTime>
<generatorID>15B28FDE-BED6-6518-F83C-64A7E99D14D6</generatorID>
<ownerDesignName>ModeleTp</ownerDesignName>
<nullsAllowed>true</nullsAllowed>
<useDomainConstraints>false</useDomainConstraints>
<use>1</use>
<logicalDatatype>LOGDT011</logicalDatatype>
<ownDataTypeParameters>,,</ownDataTypeParameters>
<autoIncrementCycle>false</autoIncrementCycle>
</Column>
<Column name="prix" id="F7D271BB-4EEB-E9C7-A3CE-C2C076F0FFA8">
<createdBy>chris</createdBy>
<createdTime>2023-05-15 13:11:29 UTC</createdTime>
<generatorID>2E56B25C-C81A-61C4-BA70-658FDD5D8AE1</generatorID>
<ownerDesignName>ModeleTp</ownerDesignName>
<useDomainConstraints>false</useDomainConstraints>
<use>1</use>
<logicalDatatype>LOGDT026</logicalDatatype>
<ownDataTypeParameters>,,</ownDataTypeParameters>
<autoIncrementCycle>false</autoIncrementCycle>
</Column>
<Column name="marque" id="1625A36A-5124-85E4-F8A8-9FFEE56E2860">
<createdBy>chris</createdBy>
<createdTime>2023-05-15 13:11:29 UTC</createdTime>
<generatorID>0F06DC52-50EC-089D-15E5-1A2E929E3932</generatorID>
<ownerDesignName>ModeleTp</ownerDesignName>
<useDomainConstraints>false</useDomainConstraints>
<use>1</use>
<logicalDatatype>LOGDT024</logicalDatatype>
<ownDataTypeParameters>,,</ownDataTypeParameters>
<autoIncrementCycle>false</autoIncrementCycle>
</Column>
<Column name="Magasin_nom_magasin" id="E71F7FAD-78E5-7F6B-4331-6968B77DEB28">
<createdBy>chris</createdBy>
<createdTime>2023-05-15 13:11:29 UTC</createdTime>
<generatorID>BD115F74-F4C0-253E-B68C-5D0CB982E4EB</generatorID>
<ownerDesignName>ModeleTp</ownerDesignName>
<useDomainConstraints>false</useDomainConstraints>
<use>1</use>
<logicalDatatype>A3A3C77D-0366-9768-FF89-1C25E56881C8</logicalDatatype>
<ownDataTypeParameters>,,</ownDataTypeParameters>
<previousColumn>false</previousColumn>
<autoIncrementCycle>false</autoIncrementCycle>
<associations>
<colAssociation fkAssociation="3E0790D8-BC7C-9216-53FF-1966F8ED0D7B" referredColumn="5442EF67-E753-0AF2-1710-1E4A080810D7"/>
</associations>
</Column>
</columns>
<indexes itemClass="oracle.dbtools.crest.model.design.relational.Index">
<ind_PK_UK id="57321A3D-6253-4389-BF03-FB9F037CC1BA" name="Console_PK">
<createdBy>chris</createdBy>
<createdTime>2023-05-15 13:11:29 UTC</createdTime>
<generatorID>481B8F0F-824E-AA32-938D-839BB37DB9FA</generatorID>
<ownerDesignName>ModeleTp</ownerDesignName>
<pk>true</pk>
<indexState>Primary Constraint</indexState>
<isSurrogateKey>false</isSurrogateKey>
</ind_PK_UK>
<ind_PK_UK id="02F891F5-3244-7A33-0D84-A83EBEA9A9B7" name="Console_Magasin_FK">
<createdBy>chris</createdBy>
<createdTime>2023-05-15 13:11:29 UTC</createdTime>
<generatorID>11E26F07-2CDB-2848-5969-47DA1CD529BE</generatorID>
<ownerDesignName>ModeleTp</ownerDesignName>
<indexState>Foreign Key</indexState>
<isSurrogateKey>false</isSurrogateKey>
<indexColumnUsage>
<colUsage columnID="E71F7FAD-78E5-7F6B-4331-6968B77DEB28"/>
</indexColumnUsage>
</ind_PK_UK>
</indexes>
</Table>
