<?xml version = '1.0' encoding = 'UTF-8'?>
<FKIndexAssociation class="oracle.dbtools.crest.model.design.relational.FKIndexAssociation" directorySegmentName="seg_0" id="3E0790D8-BC7C-9216-53FF-1966F8ED0D7B" containerWithKeyObject="CD55D5D2-4272-2F0C-3585-C55370196DF6" localFKIndex="02F891F5-3244-7A33-0D84-A83EBEA9A9B7" name="Console_Magasin_FK">
<createdBy>chris</createdBy>
<createdTime>2023-05-15 13:11:29 UTC</createdTime>
<generatorID>11E26F07-2CDB-2848-5969-47DA1CD529BE</generatorID>
<ownerDesignName>ModeleTp</ownerDesignName>
<referredTableLongName>Magasin</referredTableLongName>
<deleteRule>NO ACTION</deleteRule>
<referredTableID>59A3462B-95F6-9E32-4022-DC735C773B2F</referredTableID>
<keyObject>47E5470F-E331-EB94-8857-C06487CA0E3D</keyObject>
<referredKeyID>47E5470F-E331-EB94-8857-C06487CA0E3D</referredKeyID>
<mandatory>true</mandatory>
<refColNames>nom_magasin</refColNames>
<transferable>true</transferable>
<rely>false</rely>
<columnDependencyConstraintGenerateInDDL>true</columnDependencyConstraintGenerateInDDL>
</FKIndexAssociation>
