<?xml version = '1.0' encoding = 'UTF-8'?>
<FKIndexAssociation class="oracle.dbtools.crest.model.design.relational.FKIndexAssociation" directorySegmentName="seg_0" id="41D294B4-07A7-999A-430E-D63586739B35" containerWithKeyObject="086591CA-41F5-9D22-587E-5B84B6AE31EE" localFKIndex="4AB35183-858F-F450-2694-4A38A425B8C4" name="autre_marchandise_Magasin_FK">
<createdBy>chris</createdBy>
<createdTime>2023-05-15 13:11:29 UTC</createdTime>
<generatorID>ACE61012-042D-3575-B681-3E24EF509F4D</generatorID>
<ownerDesignName>ModeleTp</ownerDesignName>
<referredTableLongName>Magasin</referredTableLongName>
<deleteRule>NO ACTION</deleteRule>
<referredTableID>59A3462B-95F6-9E32-4022-DC735C773B2F</referredTableID>
<keyObject>47E5470F-E331-EB94-8857-C06487CA0E3D</keyObject>
<referredKeyID>47E5470F-E331-EB94-8857-C06487CA0E3D</referredKeyID>
<mandatory>true</mandatory>
<refColNames>nom_magasin</refColNames>
<transferable>true</transferable>
<rely>false</rely>
<columnDependencyConstraintGenerateInDDL>true</columnDependencyConstraintGenerateInDDL>
</FKIndexAssociation>
