<?xml version = '1.0' encoding = 'UTF-8'?>
<Relation class="oracle.dbtools.crest.model.design.logical.Relation" name="Relation_2" directorySegmentName="seg_0" id="11E26F07-2CDB-2848-5969-47DA1CD529BE">
<createdBy>chris</createdBy>
<createdTime>2023-05-13 02:23:14 UTC</createdTime>
<ownerDesignName>ModeleTp</ownerDesignName>
<sourcePk>BC988570-4C28-A42F-A8DD-33D3B872EA0A</sourcePk>
<identifying>false</identifying>
<nameOnSource>contient</nameOnSource>
<nameOnTarget>appartient</nameOnTarget>
<optionalSource>true</optionalSource>
<optionalTarget>false</optionalTarget>
<sourceCardinality>1</sourceCardinality>
<sourceEntity>A7382DA4-742B-E788-548A-191BE8BE281E</sourceEntity>
<targetCardinalityString>*</targetCardinalityString>
<targetEntity>CDA2C283-DFB1-9E31-4A12-6C6674F1E348</targetEntity>
<transferable>true</transferable>
<deleteRule>NO ACTION</deleteRule>
</Relation>
