<?xml version = '1.0' encoding = 'UTF-8'?>
<Relation class="oracle.dbtools.crest.model.design.logical.Relation" name="magasin_jeu" directorySegmentName="seg_0" id="5C1464E9-D409-0A03-06E7-526AC3E4CB6E">
<createdBy>chris</createdBy>
<createdTime>2023-05-13 01:36:07 UTC</createdTime>
<ownerDesignName>ModeleTp</ownerDesignName>
<sourcePk>BC988570-4C28-A42F-A8DD-33D3B872EA0A</sourcePk>
<identifying>false</identifying>
<nameOnSource>Contient</nameOnSource>
<nameOnTarget>appartient</nameOnTarget>
<optionalSource>false</optionalSource>
<optionalTarget>false</optionalTarget>
<sourceCardinality>1</sourceCardinality>
<sourceEntity>A7382DA4-742B-E788-548A-191BE8BE281E</sourceEntity>
<targetCardinalityString>*</targetCardinalityString>
<targetEntity>5D6C17AF-E34D-461B-B730-C1657D67AAD9</targetEntity>
<transferable>true</transferable>
<deleteRule>NO ACTION</deleteRule>
</Relation>
