<?xml version = '1.0' encoding = 'UTF-8'?>
<Relation class="oracle.dbtools.crest.model.design.logical.Relation" name="Relation_3" directorySegmentName="seg_0" id="ACE61012-042D-3575-B681-3E24EF509F4D">
<createdBy>chris</createdBy>
<createdTime>2023-05-13 02:31:51 UTC</createdTime>
<ownerDesignName>ModeleTp</ownerDesignName>
<sourcePk>BC988570-4C28-A42F-A8DD-33D3B872EA0A</sourcePk>
<identifying>false</identifying>
<nameOnSource>contient</nameOnSource>
<nameOnTarget>appartient</nameOnTarget>
<optionalSource>true</optionalSource>
<optionalTarget>false</optionalTarget>
<sourceCardinality>1</sourceCardinality>
<sourceEntity>A7382DA4-742B-E788-548A-191BE8BE281E</sourceEntity>
<targetCardinalityString>*</targetCardinalityString>
<targetEntity>1E4D8E9D-F55A-51D1-ED1A-B1BEBE42DFCA</targetEntity>
<transferable>true</transferable>
<deleteRule>NO ACTION</deleteRule>
</Relation>
