<?xml version = '1.0' encoding = 'UTF-8'?>
<Entity class="oracle.dbtools.crest.model.design.logical.Entity" directorySegmentName="seg_0" id="1E4D8E9D-F55A-51D1-ED1A-B1BEBE42DFCA" name="autre_marchandise">
<createdBy>chris</createdBy>
<createdTime>2023-05-13 00:40:51 UTC</createdTime>
<ownerDesignName>ModeleTp</ownerDesignName>
<adequatelyNormalized>NO</adequatelyNormalized>
<expectedVolumes>0</expectedVolumes>
<fwdEngineeringStrategyName>Single Table</fwdEngineeringStrategyName>
<growthPercent>0</growthPercent>
<growthType>Year</growthType>
<maxVolumes>9999999</maxVolumes>
<minVolumes>0</minVolumes>
<normalForm>Third</normalForm>
<attributes itemClass="oracle.dbtools.crest.model.design.logical.Attribute">
<Attribute name="type_marchandise" id="95F656A9-7B31-1722-68E7-A5BE6209026E">
<createdBy>chris</createdBy>
<createdTime>2023-05-13 00:42:33 UTC</createdTime>
<ownerDesignName>ModeleTp</ownerDesignName>
<nullsAllowed>true</nullsAllowed>
<useDomainConstraints>false</useDomainConstraints>
<use>1</use>
<logicalDatatype>LOGDT024</logicalDatatype>
<ownDataTypeParameters>,,</ownDataTypeParameters>
</Attribute>
<Attribute name="date_peremption" id="99D13F36-0A0D-3292-5A65-D0B73185EA10">
<createdBy>chris</createdBy>
<createdTime>2023-05-13 00:42:50 UTC</createdTime>
<ownerDesignName>ModeleTp</ownerDesignName>
<nullsAllowed>true</nullsAllowed>
<useDomainConstraints>false</useDomainConstraints>
<use>1</use>
<logicalDatatype>LOGDT007</logicalDatatype>
<ownDataTypeParameters>,,</ownDataTypeParameters>
</Attribute>
<Attribute name="nom_produit" id="435ACFDB-C9D5-F677-354A-F7A56D5891F9">
<createdBy>chris</createdBy>
<createdTime>2023-05-13 00:46:48 UTC</createdTime>
<ownerDesignName>ModeleTp</ownerDesignName>
<useDomainConstraints>false</useDomainConstraints>
<use>1</use>
<logicalDatatype>LOGDT024</logicalDatatype>
<ownDataTypeParameters>,,</ownDataTypeParameters>
</Attribute>
<Attribute name="prix" id="D93114A6-B0F0-76C0-7A40-B668A8D77C5A">
<createdBy>chris</createdBy>
<createdTime>2023-05-13 00:48:32 UTC</createdTime>
<ownerDesignName>ModeleTp</ownerDesignName>
<useDomainConstraints>false</useDomainConstraints>
<use>1</use>
<logicalDatatype>LOGDT026</logicalDatatype>
<ownDataTypeParameters>,,</ownDataTypeParameters>
</Attribute>
<Attribute name="nom_magasin" id="5CF3EA94-5356-8A63-4E4E-735BE8426335">
<createdBy>chris</createdBy>
<createdTime>2023-05-13 02:31:51 UTC</createdTime>
<generatorID>ACE61012-042D-3575-B681-3E24EF509F4D</generatorID>
<ownerDesignName>ModeleTp</ownerDesignName>
<referedAttribute>A79CF3AA-FC46-96C8-B60B-C4BD9A39E769</referedAttribute>
<useDomainConstraints>false</useDomainConstraints>
<use>1</use>
<logicalDatatype>A3A3C77D-0366-9768-FF89-1C25E56881C8</logicalDatatype>
<ownDataTypeParameters>,,</ownDataTypeParameters>
</Attribute>
</attributes>
<identifiers itemClass="oracle.dbtools.crest.model.design.logical.CandidateKey">
<identifier id="CBEF28C0-07CB-DC18-4CED-DCC96AB33382" name="autre_marchandise PK">
<createdBy>chris</createdBy>
<createdTime>2023-05-13 01:26:15 UTC</createdTime>
<ownerDesignName>ModeleTp</ownerDesignName>
<pk>true</pk>
<usedAttributes>
<attributeRef>435ACFDB-C9D5-F677-354A-F7A56D5891F9</attributeRef>
</usedAttributes>
</identifier>
</identifiers>
</Entity>
