<?xml version = '1.0' encoding = 'UTF-8'?>
<Entity class="oracle.dbtools.crest.model.design.logical.Entity" directorySegmentName="seg_0" id="CDA2C283-DFB1-9E31-4A12-6C6674F1E348" name="Console">
<createdBy>chris</createdBy>
<createdTime>2023-05-13 00:05:13 UTC</createdTime>
<ownerDesignName>ModeleTp</ownerDesignName>
<adequatelyNormalized>NO</adequatelyNormalized>
<expectedVolumes>0</expectedVolumes>
<fwdEngineeringStrategyName>Single Table</fwdEngineeringStrategyName>
<growthPercent>0</growthPercent>
<growthType>Year</growthType>
<maxVolumes>9999999</maxVolumes>
<minVolumes>0</minVolumes>
<normalForm>Third</normalForm>
<attributes itemClass="oracle.dbtools.crest.model.design.logical.Attribute">
<Attribute name="nom_console" id="13C1C408-AEF8-26EF-67A2-2EBB6AD63A1B">
<createdBy>chris</createdBy>
<createdTime>2023-05-13 00:05:34 UTC</createdTime>
<ownerDesignName>ModeleTp</ownerDesignName>
<useDomainConstraints>false</useDomainConstraints>
<use>1</use>
<logicalDatatype>LOGDT024</logicalDatatype>
<ownDataTypeParameters>,,</ownDataTypeParameters>
</Attribute>
<Attribute name="date_lancement" id="D16E6492-3461-8AC1-5036-21AC426D5A6C">
<createdBy>chris</createdBy>
<createdTime>2023-05-13 00:07:37 UTC</createdTime>
<ownerDesignName>ModeleTp</ownerDesignName>
<useDomainConstraints>false</useDomainConstraints>
<use>1</use>
<logicalDatatype>LOGDT007</logicalDatatype>
<ownDataTypeParameters>,,</ownDataTypeParameters>
</Attribute>
<Attribute name="fps_max" id="15B28FDE-BED6-6518-F83C-64A7E99D14D6">
<createdBy>chris</createdBy>
<createdTime>2023-05-13 00:15:17 UTC</createdTime>
<ownerDesignName>ModeleTp</ownerDesignName>
<nullsAllowed>true</nullsAllowed>
<useDomainConstraints>false</useDomainConstraints>
<use>1</use>
<logicalDatatype>LOGDT011</logicalDatatype>
<ownDataTypeParameters>,,</ownDataTypeParameters>
</Attribute>
<Attribute name="prix" id="2E56B25C-C81A-61C4-BA70-658FDD5D8AE1">
<createdBy>chris</createdBy>
<createdTime>2023-05-13 00:16:01 UTC</createdTime>
<ownerDesignName>ModeleTp</ownerDesignName>
<useDomainConstraints>false</useDomainConstraints>
<use>1</use>
<logicalDatatype>LOGDT026</logicalDatatype>
<ownDataTypeParameters>,,</ownDataTypeParameters>
</Attribute>
<Attribute name="marque" id="0F06DC52-50EC-089D-15E5-1A2E929E3932">
<createdBy>chris</createdBy>
<createdTime>2023-05-13 00:49:40 UTC</createdTime>
<ownerDesignName>ModeleTp</ownerDesignName>
<useDomainConstraints>false</useDomainConstraints>
<use>1</use>
<logicalDatatype>LOGDT024</logicalDatatype>
<ownDataTypeParameters>,,</ownDataTypeParameters>
</Attribute>
<Attribute name="nom_magasin" id="BD115F74-F4C0-253E-B68C-5D0CB982E4EB">
<createdBy>chris</createdBy>
<createdTime>2023-05-13 02:23:14 UTC</createdTime>
<generatorID>11E26F07-2CDB-2848-5969-47DA1CD529BE</generatorID>
<ownerDesignName>ModeleTp</ownerDesignName>
<referedAttribute>A79CF3AA-FC46-96C8-B60B-C4BD9A39E769</referedAttribute>
<useDomainConstraints>false</useDomainConstraints>
<use>1</use>
<logicalDatatype>A3A3C77D-0366-9768-FF89-1C25E56881C8</logicalDatatype>
<ownDataTypeParameters>,,</ownDataTypeParameters>
</Attribute>
</attributes>
<identifiers itemClass="oracle.dbtools.crest.model.design.logical.CandidateKey">
<identifier id="481B8F0F-824E-AA32-938D-839BB37DB9FA" name="Console PK">
<createdBy>chris</createdBy>
<createdTime>2023-05-13 01:25:23 UTC</createdTime>
<ownerDesignName>ModeleTp</ownerDesignName>
<pk>true</pk>
<usedAttributes>
<attributeRef>13C1C408-AEF8-26EF-67A2-2EBB6AD63A1B</attributeRef>
</usedAttributes>
</identifier>
</identifiers>
</Entity>
